{
    "loss": 34.168067932128906,
    "accuracy": 0.9494599103927612
}